{
	"errno": 0,
	"data": [
		{
			"title": "詹姆斯",
			"url": "img/詹姆斯1.jpg",
			"type": 1,
			"width":1920,
			"height":1200
		},
		{
			"title": "詹姆斯",
			"url": "img/詹姆斯2.jpg",
			"type": 1,
			"width":694,
			"height":966
		},
		{
			"title": "詹姆斯",
			"url": "img/詹姆斯3.jpg",
			"type": 1,
			"width":1920,
			"height":1200
		},
		{
			"title": "詹姆斯",
			"url": "img/詹姆斯4.jpg",
			"type": 1,
			"width":1024,
			"height":665
		},
		{
			"title": "欧文",
			"url": "img/欧文1.jpg",
			"type": 0,
			"width":510,
			"height":510
		},
		{
			"title": "欧文",
			"url": "img/欧文2.jpg",
			"type": 0,
			"width":454,
			"height":300
		},
		{
			"title": "欧文",
			"url": "img/欧文3.jpg",
			"type": 0,
			"width":595,
			"height":595
		},
		{
			"title": "欧文",
			"url": "img/欧文4.jpg",
			"type": 0,
			"width":450,
			"height":300
		},
		{
			"title": "库里",
			"url": "img/库里1.jpg",
			"type": 3,
			"width":395,
			"height":345
		},
		{
			"title": "库里",
			"url": "img/库里2.jpg",
			"type": 3,
			"width":950,
			"height":1388
		},
		{
			"title": "库里",
			"url": "img/库里3.jpg",
			"type": 3,
			"width":700,
			"height":700
		},
		{
			"title": "库里",
			"url": "img/库里4.jpg",
			"type": 3,
			"width":382,
			"height":283
		},
		{
			"title": "杜兰特",
			"url": "img/杜兰特1.jpg",
			"type": 2,
			"width":422,
			"height":594
		},
		{
			"title": "杜兰特",
			"url": "img/杜兰特2.jpg",
			"type": 2,
			"width":800,
			"height":450
		},
		{
			"title": "杜兰特",
			"url": "img/杜兰特3.jpg",
			"type": 2,
			"width":1200,
			"height":1945
		},
		{
			"title": "杜兰特",
			"url": "img/杜兰特4.jpg",
			"type": 2,
			"width":672,
			"height":379
		},
		{
			"title": "沃尔",
			"url": "img/沃尔1.jpg",
			"type": 5,
			"width":1024,
			"height":625
		},
		{
			"title": "沃尔",
			"url": "img/沃尔2.jpg",
			"type": 5,
			"width":500,
			"height":357
		},
		{
			"title": "沃尔",
			"url": "img/沃尔3.jpg",
			"type": 5,
			"width":466,
			"height":600
		},
		{
			"title": "沃尔",
			"url": "img/沃尔4.jpg",
			"type": 5,
			"width":580,
			"height":870
		},
		{
			"title": "托马斯",
			"url": "img/托马斯1.jpg",
			"type": 4,
			"width":533,
			"height":291
		},
		{
			"title": "托马斯",
			"url": "img/托马斯2.jpg",
			"type": 4,
			"width":553,
			"height":387
		},
		{
			"title": "托马斯",
			"url": "img/托马斯3.jpg",
			"type": 4,
			"width":600,
			"height":314
		},
		{
			"title": "托马斯",
			"url": "img/托马斯4.jpg",
			"type": 4,
			"width":500,
			"height":240
		},
		{
			"title": "莱昂纳德",
			"url": "img/纳德1.jpg",
			"type": 6,
			"width":798,
			"height":1200
		},
		{
			"title": "莱昂纳德",
			"url": "img/纳德2.jpg",
			"type": 6,
			"width":600,
			"height":398
		},
		{
			"title": "莱昂纳德",
			"url": "img/纳德3.jpg",
			"type": 6,
			"width":580,
			"height":580
		},
		{
			"title": "莱昂纳德",
			"url": "img/纳德4.jpg",
			"type": 6,
			"width":580,
			"height":843
		},
		{
			"title": "德罗赞",
			"url": "img/德罗赞1.jpg",
			"type": 7,
			"width":660,
			"height":300
		},
		{
			"title": "德罗赞",
			"url": "img/德罗赞2.jpg",
			"type": 7,
			"width":1200,
			"height":1600
		},
		{
			"title": "德罗赞",
			"url": "img/德罗赞3.jpg",
			"type": 7,
			"width":555,
			"height":553
		},
		{
			"title": "德罗赞",
			"url": "img/德罗赞4.jpg",
			"type": 7,
			"width":940,
			"height":627
		}
	]
}