{
    "errno": 0,
    "data": {
        "comments": [{
            "src": "img/03.jpg",
            "title": "Anthony Newsfeed",
            "name": "Anthony23",
            "comment": "Lorem ipsum dolor sit amet, consectetur adipiscing elit. Vivamus magna ligula, mattis Vivamus magna ligula, mattis",
            "week": "Thursday"
        }, {
            "src": "img/04.jpg",
            "title": "Christian Tomshed",
            "name": "Christian01",
            "comment": "Lorem ipsum dolor sit amet, consectetur adipiscing elit. Vivamus magna ligula, mattis Vivamus magna ligula, mattis",
            "week": "Friday"
        }, {
            "src": "img/05.jpg",
            "title": "Bill Feenhound",
            "name": "Bill98",
            "comment": "Lorem ipsum dolor sit amet, consectetur adipiscing elit. Vivamus magna ligula, mattis Vivamus magna ligula, mattis",
            "week": "Sunday"
        }, {
            "src": "img/03.jpg",
            "title": "Anthony Newsfeed",
            "name": "Anthony23",
            "comment": "Lorem ipsum dolor sit amet, consectetur adipiscing elit. Vivamus magna ligula, mattis Vivamus magna ligula, mattis",
            "week": "Thursday"
        }, {
            "src": "img/04.jpg",
            "title": "Anthony Newsfeed",
            "name": "Anthony23",
            "comment": "Lorem ipsum dolor sit amet, consectetur adipiscing elit. Vivamus magna ligula, mattis Vivamus magna ligula, mattis",
            "week": "Thursday"
        }, {
            "src": "img/05.jpg",
            "title": "Anthony Newsfeed",
            "name": "Anthony23",
            "comment": "Lorem ipsum dolor sit amet, consectetur adipiscing elit. Vivamus magna ligula, mattis Vivamus magna ligula, mattis",
            "week": "Thursday"
        }],
        "articles": [{
            "Articles": "Literature",
            "Visits": 880
        }, {
            "Articles": "Electronic",
            "Visits": 360
        }, {
            "Articles": "Emotional",
            "Visits": 750
        }, {
            "Articles": "Information",
            "Visits": 465
        }, {
            "Articles": "Sights",
            "Visits": 287
        }]
    }
}
